Country Name,Country Code,Series Name,Series Code,1986 [YR1986],1987 [YR1987],1988 [YR1988],1989 [YR1989],1990 [YR1990],1991 [YR1991],1992 [YR1992],1993 [YR1993],1994 [YR1994],1995 [YR1995],1996 [YR1996],1997 [YR1997],1998 [YR1998],1999 [YR1999],2000 [YR2000],2001 [YR2001],2002 [YR2002],2003 [YR2003],2004 [YR2004],2005 [YR2005],2006 [YR2006],2007 [YR2007],2008 [YR2008],2009 [YR2009],2010 [YR2010],2011 [YR2011],2012 [YR2012],2013 [YR2013],2014 [YR2014],2015 [YR2015],2016 [YR2016],2017 [YR2017],2018 [YR2018],2019 [YR2019],2020 [YR2020],2021 [YR2021],2022 [YR2022],2023 [YR2023],2024 [YR2024],2025 [YR2025]
Thailand,THA,"Agriculture, forestry, and fishing, value added (% of GDP)",NV.AGR.TOTL.ZS,15.6641499,15.73343752,16.1780589,15.07529261,12.49962783,12.6498266,12.29733574,8.025829297,8.627547715,9.081224598,9.063416493,9.06490231,10.25922711,8.892995278,8.499848121,8.57928745,8.69217818,9.441354958,9.291110139,9.194355282,9.401993466,9.347684701,10.07243383,9.787033759,10.52217564,11.59179178,11.50410015,11.32221534,10.08892162,8.872723648,8.478076963,8.406412587,8.201819262,8.12856804,8.702852147,8.692912931,8.719451384,8.562775987,8.711126619,..
Thailand,THA,"Industry (including construction), value added (% of GDP)",NV.IND.TOTL.ZS,33.08293627,33.34315515,34.57998539,36.25152944,37.22474396,38.65788145,38.0558367,36.85485744,36.99519394,37.27802023,37.08128566,36.56459978,36.11172734,36.37889978,36.66940838,36.32100349,36.89443145,37.91817489,37.9023025,38.50521071,39.14685588,39.43137188,39.47961297,38.60859889,39.9217257,37.98139827,37.34369414,36.89858846,36.76304037,36.17917733,35.58676541,35.01875953,34.74248967,33.59391051,33.29072297,35.03171197,35.1217577,32.98040933,32.13597765,..
Thailand,THA,"Services, value added (% of GDP)",NV.SRV.TOTL.ZS,..,..,..,..,..,..,..,55.11931326,54.37725835,53.64075518,53.85529784,54.37049791,53.62904555,54.72810495,54.8307435,55.09970906,54.41339037,52.64047015,52.80658737,52.30043401,51.45115065,51.22094342,50.44795321,51.60436735,49.55609866,50.42680995,51.15220571,51.7791962,53.14803802,54.94809903,55.93515763,56.57482789,57.05569107,58.27752145,58.00642489,56.2753751,56.15879091,58.45681468,59.15289573,..
Thailand,THA,Final consumption expenditure (% of GDP),NE.CON.TOTL.ZS,74.1441867,71.41154927,66.78518643,65.01702574,65.9631482,64.19717854,64.66815955,62.96070449,63.18316983,62.55152795,63.29320201,65.08450612,64.73960838,66.7576651,67.70970173,69.47729289,68.82986936,68.55681926,68.98854547,69.49350383,67.95342119,66.47434897,67.98134611,69.0458321,67.97634562,69.10272359,69.62137974,68.91573452,69.51257507,68.46585435,66.87463765,65.22926703,65.06247991,65.9431598,70.84248738,70.47485598,72.28398071,74.09791147,74.89827485,..
Thailand,THA,Gross fixed capital formation (% of GDP),NE.GDI.FTOT.ZS,25.78028667,27.63792691,30.67911124,34.61921119,40.38222317,41.63158837,39.25527194,39.06462105,39.99972893,41.32127786,41.65494619,34.61143746,22.15178687,20.41001072,21.57492771,22.48036998,21.91158521,23.03190143,24.86419159,27.71262281,26.84663223,25.4562514,26.44771585,23.10895489,23.9927018,25.83636938,26.99365284,25.3835377,24.661391,24.52848915,23.71362635,23.10836493,22.78622637,22.57295117,23.21242866,23.50779044,23.36192715,22.93120096,22.24305645,..
Thailand,THA,Exports of goods and services (% of GDP),NE.EXP.GNFS.ZS,25.6017967,28.89401099,33.01196847,34.92152805,34.13192824,35.96430952,36.97247567,36.81728956,38.24211391,41.53234507,39.0184202,48.23705871,57.93730284,56.43854286,64.84025074,63.25068976,60.6457526,61.52255163,65.97185734,68.4027169,68.67534203,68.87227517,71.41641811,64.43861249,66.48617316,70.85490938,68.95123563,67.17114107,68.39413516,67.63669027,67.07088397,66.67283247,64.8380969,59.51889062,51.49442661,58.55938918,65.37276419,65.44456294,70.04973074,..
Thailand,THA,"GNI per capita, PPP (current international $)",NY.GNP.PCAP.PP.CD,..,..,..,..,4390,4840,5250,5740,6230,6770,7140,6930,6330,6690,7150,7420,7860,8460,9130,9710,10510,11320,11620,11540,12390,12910,13950,14240,14570,14980,15890,16790,17960,19230,18740,19540,21530,22930,23960,..
Thailand,THA,GDP per person employed (constant 2021 PPP $),SL.GDP.PCAP.EM.KD,..,..,..,..,..,17948.0336,18685.98889,19799.89617,20901.1992,21981.55817,22670.08795,21583.04591,20305.80319,21072.39305,21428.33085,21819.65038,22704.39242,23991.20975,25130.73549,25775.80387,26863.07676,27791.99111,27912.72971,27483.18808,29419.44892,28698.02994,30555.53574,32192.09695,32381.92333,33361.84674,34706.25736,36301.27634,37364.43973,38366.15696,35914.62079,36345.69133,36892.93275,37074.51836,38288.90965,..
Indonesia,IDN,"Agriculture, forestry, and fishing, value added (% of GDP)",NV.AGR.TOTL.ZS,24.25344163,23.32694531,24.12159195,23.42552877,21.5487236,19.66180729,19.52141047,17.87984443,17.28626233,17.1383462,16.67238738,16.09211022,18.08285295,19.6126764,15.67870444,15.99491776,16.31966897,15.18534822,14.3357803,13.12661864,12.97380272,13.7166831,14.48174026,15.29014815,13.92921271,13.51228707,13.37397424,13.35669916,13.336755,13.49264356,13.47874855,13.15663085,12.80849756,12.71260266,13.69841428,13.28016914,12.39965016,12.52942148,12.60866588,..
Indonesia,IDN,"Industry (including construction), value added (% of GDP)",NV.IND.TOTL.ZS,33.78820606,36.25428928,36.20734838,37.10764203,39.38494007,41.20477362,39.97996033,39.68049808,40.64204435,41.80083742,43.45578405,44.3289568,45.22777055,43.36006167,41.96907464,47.89350079,47.74533116,43.74956609,44.62761598,46.54105887,46.94355874,46.79914152,48.06074477,47.65212258,42.77586634,43.91342343,43.59374442,42.63567744,41.92834213,40.0478624,39.30844398,39.3791548,39.72973745,38.951768,38.23839372,39.84481919,41.42926418,40.21568231,39.31848572,..
Indonesia,IDN,"Services, value added (% of GDP)",NV.SRV.TOTL.ZS,42.09164872,40.41873336,39.67107374,39.46683518,39.06634655,39.1334103,40.49863689,42.43966659,42.07171164,41.06081638,39.87190368,39.57890112,36.68682354,37.02727102,33.36863651,38.41724523,40.104784,41.06508569,41.03660373,40.33232249,40.08263854,39.48417538,37.45751503,37.05772988,40.66599029,40.58460421,40.87337489,41.51653748,42.24218531,43.30908092,43.64174881,43.61405533,43.40483731,44.22074584,44.41343995,42.82282063,41.79092558,42.87935174,43.77191679,..
Indonesia,IDN,Final consumption expenditure (% of GDP),NE.CON.TOTL.ZS,75.20876017,71.41156366,72.11445356,69.34342676,73.02420485,73.35970687,72.35621978,67.53530732,67.79695029,69.40611963,69.92414114,68.52406851,73.47495981,80.54825377,68.18236602,70.03922076,74.87969537,76.26750618,75.09034987,72.47199788,71.29622551,71.88915922,69.04503365,68.29193446,65.22309079,64.48203372,65.63803486,66.34718232,66.5641423,67.19943167,67.3546109,66.39614413,66.00112744,66.73893587,68.58964281,64.8757548,60.73472499,61.88041397,63.13112876,..
Indonesia,IDN,Gross fixed capital formation (% of GDP),NE.GDI.FTOT.ZS,25.55099716,25.17103053,26.99155834,28.53472836,30.55156209,29.67141818,28.00259346,26.28067311,27.57068775,28.42981109,29.60236064,28.30767706,25.42950667,20.13875931,19.85085445,19.6726582,19.42916405,19.50605922,22.44861697,23.64051177,24.13099153,24.94694364,27.69859122,31.11476656,30.99940883,31.30745404,32.71962807,31.96577957,32.51674144,32.81192658,32.5777315,32.16063886,32.28849709,32.34688455,31.70975645,30.79419506,29.08487553,29.15266673,29.14558572,..
Indonesia,IDN,Exports of goods and services (% of GDP),NE.EXP.GNFS.ZS,20.49560246,24.5768001,25.0416594,26.08755466,27.30575898,28.35126107,30.30746351,26.75481342,26.51142785,26.31216501,25.82455198,27.85924328,52.96813457,35.51412908,40.97730847,39.0321391,32.68762089,30.47765478,32.21669462,34.06726763,31.03471631,29.43571849,29.80828417,24.15911967,24.29903094,26.32735309,24.59437879,23.92357638,23.6659846,21.16017926,19.08899385,20.17730444,21.0027465,18.5915278,17.33116828,21.41655564,24.50291169,21.7538472,22.18331287,..
Indonesia,IDN,"GNI per capita, PPP (current international $)",NY.GNP.PCAP.PP.CD,..,..,..,..,2890,3150,3370,3650,3990,4320,4680,4890,4110,4050,4330,4670,4920,5150,5440,5840,6300,6800,7300,7590,8130,8690,9260,9570,9730,9690,9930,10350,11030,11620,11410,12410,13900,15010,16010,..
Indonesia,IDN,GDP per person employed (constant 2021 PPP $),SL.GDP.PCAP.EM.KD,..,..,..,..,..,12329.32837,12744.18857,13378.98645,14013.33897,14827.48787,15640.68499,16093.85176,13654.65182,13532.07397,13753.38389,14109.48962,14805.77845,15311.72585,15910.66312,16978.09962,17590.1869,17939.37883,18504.48827,18928.13912,19533.78258,20220.2223,20802.93094,21813.86026,22556.11215,23462.49016,24358.59881,24981.54896,25734.2243,26237.97265,25884.27877,27058.28349,27580.80215,28184.30351,29216.717,..
Malaysia,MYS,"Agriculture, forestry, and fishing, value added (% of GDP)",NV.AGR.TOTL.ZS,20.18450261,19.96053524,20.07145177,18.08178043,15.21653328,14.35570291,14.57241077,13.78735612,13.66103724,12.94943656,11.68043447,11.10133253,13.31224426,10.84238805,8.599021888,8.010970591,8.985081404,9.306085216,9.271002093,8.262291704,8.609982841,9.98677368,9.968582335,9.219100044,10.08991593,11.45335312,9.793750746,9.113363845,8.873209013,8.287495083,8.462518856,8.598277535,7.512056931,7.241314016,8.165970899,9.566214588,8.961849227,7.765309321,8.128467822,..
Malaysia,MYS,"Industry (including construction), value added (% of GDP)",NV.IND.TOTL.ZS,39.23363732,38.52747117,38.35660929,39.80405386,42.19816763,42.10650958,41.14625503,40.08443964,40.04123585,41.40187798,43.52821087,44.5735375,43.87575333,46.4590177,48.32057149,46.202695,45.1153797,46.5786627,48.5303176,46.36832249,46.51565726,44.59599603,45.1050654,40.96782384,40.49893235,39.82426873,40.13500101,39.88537365,39.92442448,38.44972221,37.68327494,38.11467227,38.29142536,37.47653369,35.93472662,37.68268618,38.97424055,37.56485733,36.97337326,..
Malaysia,MYS,"Services, value added (% of GDP)",NV.SRV.TOTL.ZS,..,42.67743726,42.14571831,44.05177083,44.19260839,44.81957313,45.66437929,47.96682811,47.94409115,47.88221492,47.90054073,48.24358133,48.97102488,47.88272533,46.30149747,49.17309312,48.69641688,46.71023882,44.54759856,44.19715294,43.92627818,44.52024529,43.94810565,48.83602181,48.47741876,47.76672557,49.02239584,49.94472882,50.12269046,52.01387204,52.53157113,51.88211171,52.99099177,54.15487508,54.78859399,51.65193559,51.01581735,53.54665056,53.7203005,..
Malaysia,MYS,Final consumption expenditure (% of GDP),NE.CON.TOTL.ZS,67.91909937,63.04865265,63.43185017,64.06450448,65.59652673,65.86912762,63.28094928,60.91617594,60.40130768,60.29495714,57.13587565,56.11313189,51.32977691,52.56613158,53.9196018,58.16171695,57.96802301,57.5448517,56.5778149,55.66008926,55.50266093,56.71942165,56.21099579,61.88969176,60.69775539,61.23865211,63.49330555,65.52590088,65.7476255,67.04842746,67.35260712,67.5843449,69.3952627,71.42478795,73.97430247,70.64417513,69.22271763,72.43379549,72.72651809,..
Malaysia,MYS,Gross fixed capital formation (% of GDP),NE.GDI.FTOT.ZS,26.34997346,22.08053277,24.60322616,29.07738067,33.04305473,36.35623575,36.62746712,38.87301532,40.24536864,43.58596324,42.49562531,43.11432069,26.82572914,21.89125028,25.29201658,25.12344751,23.48432856,22.41426658,20.95484002,22.30351486,21.9550122,22.40418433,20.57032349,21.97635711,22.43539956,22.18313914,25.36344842,26.47705608,25.97449665,25.86564353,25.51778782,25.0629653,24.2004646,22.9367865,20.91401628,19.28731746,18.20814497,19.22740008,20.54271838,..
Malaysia,MYS,Exports of goods and services (% of GDP),NE.EXP.GNFS.ZS,56.29661703,62.89449343,66.41550287,71.37684947,74.4661197,77.82555283,75.98386005,78.92028758,89.15077688,94.08917037,91.57615121,93.289448,115.7437254,121.3113937,119.8097087,110.4024914,108.3053028,106.9434461,115.3733377,112.8989768,112.1854808,106.1682749,99.49957724,91.41679187,86.93029507,85.25544211,79.29991393,75.62904103,73.79349863,69.4486909,66.77544545,70.01174251,68.55497142,65.27776684,61.57793591,70.63305555,76.80779748,68.67895357,71.34108498,..
Malaysia,MYS,"GNI per capita, PPP (current international $)",NY.GNP.PCAP.PP.CD,..,..,..,..,6590,7200,7790,8590,9330,10220,11160,11800,10780,11150,11970,12120,12760,13610,14620,15650,16920,18230,18900,18550,19550,20820,21800,22390,23500,23860,24590,25670,26930,28180,26920,29010,33330,35350,37450,..
Malaysia,MYS,GDP per person employed (constant 2021 PPP $),SL.GDP.PCAP.EM.KD,..,..,..,..,..,37393.86825,39192.02256,41686.60192,43706.52878,46085.06439,48609.96268,50325.68857,45357.41224,46578.3247,48741.94807,47592.7434,48449.46765,49604.06584,51148.81061,52036.74153,52943.15797,54336.30996,55009.92472,52453.61903,54310.31786,55321.84317,56100.26557,56567.20515,57577.74583,59115.06669,60708.42694,62735.5048,63942.83446,65082.78763,61442.14815,62214.03069,65445.33284,66453.95054,68621.57685,..
Philippines,PHL,"Agriculture, forestry, and fishing, value added (% of GDP)",NV.AGR.TOTL.ZS,21.02938391,21.07943536,20.1104545,19.86511011,19.15984289,18.33846147,19.10732173,18.9079535,19.26003585,18.92514588,18.0136454,16.44910207,14.74667331,15.19435542,13.94109521,13.3028093,13.44841341,13.15094766,13.98440369,13.517547,13.36124911,13.60650762,14.51607476,14.54021332,13.74886505,14.09573515,13.09580701,12.4734251,12.27168162,10.99649915,10.20512553,10.18295413,9.650140358,8.820323747,10.18531103,10.06916402,9.551768044,9.400366529,9.082526785,..
Philippines,PHL,"Industry (including construction), value added (% of GDP)",NV.IND.TOTL.ZS,38.30494965,38.16934092,38.90651329,38.63724676,38.1686201,37.66120382,36.45778845,36.29881021,36.16371249,35.66459994,35.66402929,35.66066827,34.88316508,33.55070825,34.97528477,34.89761526,34.78343526,34.54056403,33.61869621,33.81367631,33.46258533,33.00086093,32.76528841,31.52254268,32.33955605,31.33868278,31.39949336,30.77544663,31.04744448,30.48195098,30.28591717,30.12655058,30.56374015,30.32750788,28.39991759,28.88980912,29.22123994,28.19762251,27.69397799,..
Philippines,PHL,"Services, value added (% of GDP)",NV.SRV.TOTL.ZS,40.66566644,40.75122373,40.98303221,41.49764314,42.67153702,44.00033471,44.43488983,44.79323629,44.57625166,45.41025418,46.32232531,47.89022967,50.37016161,51.25493633,51.08362002,51.79957544,51.76815132,52.30848831,52.3969001,52.66877669,53.17616556,53.39263145,52.71863683,53.937244,53.9115789,54.56558207,55.50469963,56.75112826,56.6808739,58.52154986,59.5089573,59.69049529,59.78611949,60.85216837,61.41477138,61.04102686,61.22699202,62.40201096,63.22349522,..
Philippines,PHL,Final consumption expenditure (% of GDP),NE.CON.TOTL.ZS,78.91334113,76.47641424,76.36047013,76.47169462,77.50087117,80.20132064,81.61026672,82.26492753,81.38721936,81.85720386,81.68308481,82.20956571,84.92442187,84.16277754,82.78056586,83.64420973,83.37430707,83.43587201,82.7405954,82.81906607,82.34428216,81.4879602,82.00025737,83.01581839,79.91284794,81.84504238,83.34712983,82.82771751,81.83519327,83.38452976,83.81155598,83.50501417,84.58560551,85.67419377,90.33050265,90.83980283,90.96901884,90.74011901,90.65394562,..
Philippines,PHL,Gross fixed capital formation (% of GDP),NE.GDI.FTOT.ZS,..,..,..,..,..,..,..,..,..,..,..,..,..,..,19.36918058,18.31175848,18.34386421,18.62827792,18.54460068,18.1815182,18.71891305,18.87398642,19.08391685,18.61541784,20.40213617,18.96663866,19.93006495,20.7830144,20.86217334,22.23164338,24.99662392,25.64292819,27.283299,27.15512521,21.30226206,22.27927959,23.34596677,23.63450558,23.57050707,..
Philippines,PHL,Exports of goods and services (% of GDP),NE.EXP.GNFS.ZS,18.56612321,18.54153262,19.99936372,19.73988958,19.39321314,20.96514118,20.77966454,22.30313037,24.07566586,25.94604166,28.88672137,35.08614574,37.8068684,38.41115874,43.34421922,41.15550151,40.00567994,42.30501837,41.82684099,41.23003922,41.24545937,38.01418634,33.35683324,30.2195256,32.87482972,29.10542888,27.46707386,26.17741981,27.35450419,27.20805724,26.67300334,29.55229085,30.21360537,28.38292001,25.20283931,25.75203492,28.38740155,26.63684935,25.77344115,..
Philippines,PHL,"GNI per capita, PPP (current international $)",NY.GNP.PCAP.PP.CD,..,..,..,..,2570,2610,2650,2720,2870,3010,3190,3380,3600,3660,3680,3800,3920,4120,4410,4710,5000,5370,5630,5750,6110,6320,6770,7120,7460,7680,8200,8630,9250,9820,8860,9170,10730,12190,13330,..
Philippines,PHL,GDP per person employed (constant 2021 PPP $),SL.GDP.PCAP.EM.KD,..,..,..,..,..,12711.80963,12447.90274,12373.95734,12594.1366,12849.82212,13244.31901,13548.2227,13053.42155,13057.95754,13223.91455,13236.31482,13369.3253,13689.07688,14132.66689,14487.55459,15004.17961,15567.56198,15980.50035,15776.15792,16450.05796,16441.26554,17257.23211,18051.42619,18572.46418,19445.06893,20231.55173,22012.76815,22946.56067,23665.95802,22857.16773,23200.71389,22362.27187,23081.71799,23954.48777,..
China,CHN,"Agriculture, forestry, and fishing, value added (% of GDP)",NV.AGR.TOTL.ZS,26.58969086,26.27448812,25.19451253,24.56828044,26.53266912,23.96299005,21.24988568,19.22851861,19.38470759,19.49813597,19.21924566,17.78152423,17.02546318,15.92159174,14.52725195,13.82210696,13.12949383,12.17576009,12.72884294,11.48281235,10.47586237,10.09341946,10.00997707,9.472995817,9.166499061,9.033845859,8.965056735,8.784421316,8.482429409,8.224013595,7.900650175,7.328392393,6.917142892,7.006215758,7.540181985,7.089352516,7.147886928,6.889519411,6.775998813,..
China,CHN,"Industry (including construction), value added (% of GDP)",NV.IND.TOTL.ZS,43.43470424,43.24195993,43.45008503,42.42130119,40.9532139,41.36470267,42.95568711,45.98771589,45.95072661,46.51583291,46.84529241,46.7996578,45.44113232,44.95553917,45.07383152,44.2765436,43.87580281,44.98276213,45.23283266,46.3816217,46.88650286,46.18523623,46.23641913,45.17885872,45.70662071,45.80020541,44.68206982,43.39387078,42.28271578,40.04759022,38.81115609,39.12994435,38.97770017,37.76423332,36.91156241,38.0924722,37.89452666,36.77250302,36.47565945,..
China,CHN,"Services, value added (% of GDP)",NV.SRV.TOTL.ZS,29.97537325,30.48351522,31.35587647,33.01045904,32.5141727,34.67235138,35.79441375,34.78393175,34.66462828,33.98605664,33.935461,35.41888439,37.53346866,39.12281719,40.39893948,41.90132965,42.99471503,42.84148136,42.03832477,42.135566,42.63765037,43.72132583,43.75359601,45.34815368,45.12687199,45.16594057,46.35287426,47.82170571,49.23486111,51.72839163,53.28819366,53.5416634,54.10516404,55.22955993,55.54825564,54.81817957,54.95758043,56.33797757,56.74834174,..
China,CHN,Final consumption expenditure (% of GDP),NE.CON.TOTL.ZS,64.93285362,62.84795959,62.18039773,64.34631028,63.7194864,61.9906755,59.79315348,58.46168449,58.31235597,59.21825679,60.23173883,59.84755376,60.63118493,62.74413459,63.73476684,62.13416336,61.2074747,58.26845548,55.52378401,54.79304398,53.03371756,51.46190619,50.27109212,50.57206669,49.44085115,50.76107367,51.61549384,52.07522309,52.86452269,54.31837059,55.56282047,55.45652385,55.78002844,56.50301171,55.77229396,54.72517577,54.43986181,56.75738719,56.56007755,..
China,CHN,Gross fixed capital formation (% of GDP),NE.GDI.FTOT.ZS,30.90283944,30.50455344,30.99970009,25.5610476,23.94215641,26.03337426,30.61592345,37.31075358,34.69450823,32.62805477,31.90958114,31.25023372,33.06989317,32.67504862,32.64717902,33.45988179,34.98786411,38.08468093,39.35053706,39.27032898,38.52157262,37.67098731,38.80308142,43.40976685,43.52018219,43.51539093,43.87370765,44.07554314,43.38034737,41.61667104,41.08058009,41.4184898,42.38037602,42.25034905,41.84941146,41.35212038,41.23293173,40.45443472,39.86970277,..
China,CHN,Exports of goods and services (% of GDP),NE.EXP.GNFS.ZS,8.696215886,12.46012483,14.35771704,11.82350493,13.58826412,14.44503231,15.60024102,16.63399752,18.45157783,17.86242917,17.82471046,19.36929459,18.19922675,18.00069059,20.68159936,20.07768738,22.35182337,26.60237385,30.60971625,33.36879775,35.52684687,34.90669562,32.0925136,24.33077181,26.72274515,26.15188289,25.07670433,24.16334309,23.07197669,20.93906422,19.20365074,19.33563017,18.7705198,18.05570696,18.20358217,19.52624222,20.29773169,19.10247172,20.02291664,..
China,CHN,"GNI per capita, PPP (current international $)",NY.GNP.PCAP.PP.CD,..,..,..,..,990,1110,1280,1470,1680,1850,2060,2270,2440,2650,2930,3210,3550,3980,4490,5110,5940,6950,7760,8430,9370,10360,11390,12130,12960,13400,14090,15000,16230,17550,18120,20700,22840,24990,26920,..
China,CHN,GDP per person employed (constant 2021 PPP $),SL.GDP.PCAP.EM.KD,..,..,..,..,..,3279.983013,3712.765054,4206.531992,4721.981044,5196.222033,5661.580596,6121.275216,6535.064694,6976.918307,7507.977729,8073.923869,8738.608212,9529.107055,10354.5772,11398.7999,12705.21254,14405.28045,15770.39664,17223.81787,18968.32194,20649.96698,22258.02019,23987.45311,25748.44057,27525.94453,29368.91593,31434.1717,33601.39284,35777.21532,37511.35718,39480.60308,41490.23189,43341.41854,45841.79636,..
India,IND,"Agriculture, forestry, and fishing, value added (% of GDP)",NV.AGR.TOTL.ZS,28.64114627,27.9723784,28.76982237,27.8396058,27.58488814,27.66270541,26.89691945,27.05455877,26.51993758,24.45754779,25.19930606,24.24867451,24.18045155,22.97256189,21.61106205,21.61888489,19.53454327,19.59199798,17.81469065,17.62020695,16.80944209,16.75011976,16.79094236,16.74427016,17.02650901,17.19197356,16.84537707,17.14842354,16.79193451,16.17450811,16.36380056,16.5583314,16.03163069,16.7555683,18.66853766,17.37256153,16.54612959,16.19318936,16.28543356,..
India,IND,"Industry (including construction), value added (% of GDP)",NV.IND.TOTL.ZS,26.73083582,26.69923652,26.71158382,27.55099348,27.4536955,26.44172018,26.79274327,26.78155428,27.62820125,28.59980942,27.91227037,27.83703076,27.30303785,26.51929335,27.32582838,26.48777734,27.66065416,27.47410712,29.21910631,29.53376419,30.92723994,30.90323825,31.13671924,31.12137211,30.72507823,30.16167976,29.3985277,28.40489956,27.6564012,27.34739148,26.61899994,26.50001665,26.4120919,24.59147531,25.12290581,26.46652361,25.38451956,25.3029365,24.62850413,..
India,IND,"Services, value added (% of GDP)",NV.SRV.TOTL.ZS,36.98846784,37.45227949,36.79644551,37.22939798,37.04478519,37.78569002,37.91256818,38.49068492,37.49630234,37.84966812,37.70932947,39.07955152,40.13256873,41.96573779,42.73292664,43.80896126,44.72882755,44.70464565,44.11485897,44.44293292,44.04323571,44.00815792,45.88254991,45.98488281,45.03374956,45.44214525,46.3011473,46.69871477,47.82241376,47.78374812,47.74940129,47.67088997,48.43156632,50.08495785,47.93268811,47.84722346,49.725225,49.50718784,49.87444023,..
India,IND,Final consumption expenditure (% of GDP),NE.CON.TOTL.ZS,84.70937628,83.3786162,81.72388692,79.73515283,78.36062549,78.09680015,76.65938514,76.45422202,75.27665338,74.2407284,74.88610785,74.94055853,75.71862376,76.18497615,75.68681661,75.90830732,74.34374183,72.37996752,68.75625029,67.74487013,65.91241587,65.6226268,67.21529714,67.41955588,65.73246563,67.29168017,67.14481002,67.94092623,68.56857391,69.43557179,69.60382931,69.49234863,70.11154134,71.91396315,72.71058112,71.42675787,71.71867225,70.49351104,71.37240905,..
India,IND,Gross fixed capital formation (% of GDP),NE.GDI.FTOT.ZS,22.90091499,24.44362326,23.57197889,24.57681356,26.08217017,24.58433379,25.08949989,23.66775629,23.35888821,25.1369225,24.52478712,25.35005215,25.45876778,27.53509242,26.02178485,29.93230964,28.33252481,28.33482571,30.70814142,32.75533704,33.58489158,35.81287812,34.71795935,33.95162693,33.23001467,34.31341665,33.43693433,31.29580085,30.08023706,28.73314413,28.18843788,28.17781362,29.46306815,28.45454433,27.32432137,29.57803452,31.22309444,30.42604557,29.89623094,..
India,IND,Exports of goods and services (% of GDP),NE.EXP.GNFS.ZS,5.19622166,5.604580884,6.035219755,7.016130278,7.053350234,8.494240771,8.842926925,9.834217455,9.888084916,10.84396804,10.38516927,10.69071732,11.01846918,11.45206461,12.99723631,12.55837963,14.26438392,14.94791386,17.85912496,19.60524669,21.26794142,20.79969975,24.09735726,20.40051937,22.40093325,24.54041132,24.53443066,25.4308613,22.96796301,19.81318916,19.15823491,18.79176484,19.9278286,18.6642649,18.68247693,21.39915833,23.2515412,21.44869778,21.16184605,..
India,IND,"GNI per capita, PPP (current international $)",NY.GNP.PCAP.PP.CD,..,..,..,..,1200,1220,1290,1360,1450,1560,1680,1740,1840,1990,2070,2180,2260,2440,2660,2920,3200,3490,3610,3860,4160,4420,4760,4950,5130,5360,5730,6080,6640,7080,6870,7960,9080,10180,11000,..
India,IND,GDP per person employed (constant 2021 PPP $),SL.GDP.PCAP.EM.KD,..,..,..,..,..,6601.072672,6788.504591,6934.048962,7206.640245,7518.34339,7837.817772,7910.805669,8147.408668,8598.944805,8662.443882,8884.033966,9033.475011,9539.624702,10082.13621,10660.04461,11449.63991,12257.91779,12582.21207,13502.02332,14566.98872,15186.01582,15879.23776,16607.35942,17536.73252,18632.33673,19847.63863,20870.18375,21902.46574,22173.16645,21151.78928,22095.29914,22614.73408,23679.83333,24430.11796,..
Portugal,PRT,"Agriculture, forestry, and fishing, value added (% of GDP)",NV.AGR.TOTL.ZS,..,..,..,..,..,..,..,..,..,4.800441728,4.590746117,3.831063444,3.541716439,3.289172486,3.109748284,2.960749574,2.722890862,2.651180796,2.60214118,2.303493354,2.253137515,1.99815594,1.963771852,1.950626212,1.94034871,1.83843906,1.920046873,2.041887065,1.976591015,1.975412501,1.922358408,1.963673452,1.918174709,1.999918458,2.140896925,2.162046298,1.905436762,2.137210694,2.021671209,..
Portugal,PRT,"Industry (including construction), value added (% of GDP)",NV.IND.TOTL.ZS,..,..,..,..,..,..,..,..,..,24.8145536,25.43941098,25.71561236,25.33649158,24.868123,24.4615744,24.14388424,23.49698865,22.62971502,22.23695662,21.38330861,21.14765296,21.15335285,20.38627976,19.85719046,19.9335311,19.3319728,19.08675839,18.88309738,18.98504401,19.59384983,19.44817809,19.24938331,19.38204354,18.88608319,19.39453334,19.31283696,18.40324286,18.71189372,18.68969106,..
Portugal,PRT,"Services, value added (% of GDP)",NV.SRV.TOTL.ZS,..,..,..,..,..,..,..,..,..,58.50576799,57.80811476,58.44852623,58.55016921,58.95295536,60.02221946,60.58379713,61.23805922,62.13227759,62.56526013,62.97273366,62.89455252,63.50158554,64.77132591,66.7872578,65.99001077,66.27271086,66.39181494,66.87401728,66.30772467,65.43575414,65.41151093,65.2644212,65.11898581,65.58607854,65.56695787,65.06870626,66.19337181,66.29237561,66.27693551,..
Portugal,PRT,Final consumption expenditure (% of GDP),NE.CON.TOTL.ZS,78.12921797,77.19119968,77.54779938,77.49288515,78.93652606,81.62133475,82.61216149,84.99889158,84.07119898,82.18163078,82.70452376,81.47231786,80.85088229,81.32255961,82.267118,82.05981117,82.25720545,83.28985833,84.04616672,85.41755554,84.90657091,84.4578622,85.9740916,86.06270061,86.43461727,85.52316958,84.74043447,84.21907509,84.50608396,83.32135394,82.78380618,81.47614851,80.85581285,80.69647104,82.57803127,81.84192342,81.02726436,78.32762298,77.78581582,..
Portugal,PRT,Gross fixed capital formation (% of GDP),NE.GDI.FTOT.ZS,23.66027742,26.18691244,27.91445238,27.13132005,26.73844906,25.4312633,24.17941466,22.67133859,22.69477326,23.28152752,23.82378586,25.99736189,27.34822304,27.59113555,28.00305059,27.38158979,25.85710467,23.7604429,23.42406739,23.12657563,22.53285356,22.50962243,22.85223589,21.20159526,20.64803932,18.48411326,15.8781657,14.83091768,15.11074796,15.65407321,15.72672723,17.08565936,17.8287896,18.43282547,19.49629937,20.50297804,20.57324131,20.48595202,20.44042958,..
Portugal,PRT,Exports of goods and services (% of GDP),NE.EXP.GNFS.ZS,25.99488583,27.33856453,27.6366708,29.4651906,29.16917753,26.54755888,24.45867065,23.60014829,25.13356593,26.76973187,26.54846488,27.15414475,27.33162723,26.48197472,28.20462059,27.43732611,27.07336223,27.3671919,27.66705156,27.08416755,30.35740444,31.19418457,31.26107908,27.29374272,30.02758512,34.41151309,37.72350572,39.56395033,40.18509058,40.68766641,40.35508893,42.94267865,43.67758057,43.65312594,37.25601513,41.54842718,49.4816822,47.15547693,45.77172504,..
Portugal,PRT,"GNI per capita, PPP (current international $)",NY.GNP.PCAP.PP.CD,..,..,..,..,11770,12760,13270,13300,13620,14520,15010,15770,16640,17660,18580,19190,20050,20640,21210,22420,23980,25000,25770,25570,26420,26330,25880,27560,28170,28840,30870,32230,34070,36970,35450,38270,44430,48040,50730,..
Portugal,PRT,GDP per person employed (constant 2021 PPP $),SL.GDP.PCAP.EM.KD,..,..,..,..,..,60478.04845,62818.25299,62372.64777,63477.38394,66161.1372,67810.48013,68904.32954,68521.34254,70486.6949,71716.98444,71698.84919,71636.94899,71925.28559,73685.97263,74646.72473,75420.18375,77119.8041,76993.51996,76803.22035,79245.93849,80567.91529,80545.88216,81914.18982,81148.06583,81450.8216,82073.68953,82138.07965,82674.52615,84215.31351,79272.13193,83953.00555,87040.61676,87581.50324,88558.81391,..
,,,,,,,,,,,,,,,,,,,,,,,,,,,,,,,,,,,,,,,,,,,
,,,,,,,,,,,,,,,,,,,,,,,,,,,,,,,,,,,,,,,,,,,
,,,,,,,,,,,,,,,,,,,,,,,,,,,,,,,,,,,,,,,,,,,
Data from database: World Development Indicators,,,,,,,,,,,,,,,,,,,,,,,,,,,,,,,,,,,,,,,,,,,
Last Updated: 04/08/2026,,,,,,,,,,,,,,,,,,,,,,,,,,,,,,,,,,,,,,,,,,,
